[
  {
    "id": "34d1e0ba-955b-455f-851f-d8550ad5f84e",
    "data": [
      {
        "text": "she likes ",
        "userDefined": false
      },
      {
        "text": "hot cheetos",
        "alias": "Snacks",
        "meta": "@sys.any",
        "userDefined": true
      }
    ],
    "isTemplate": false,
    "count": 0,
    "updated": 0
  },
  {
    "id": "656b13ca-17d3-41fe-b786-77580bf64082",
    "data": [
      {
        "text": "Celine likes to eat ",
        "userDefined": false
      },
      {
        "text": "cheeze its",
        "alias": "Snacks",
        "meta": "@sys.any",
        "userDefined": true
      }
    ],
    "isTemplate": false,
    "count": 0,
    "updated": 0
  },
  {
    "id": "275f96cb-6c96-48e4-a970-d63b917b2c89",
    "data": [
      {
        "text": "her favorite snack is ",
        "userDefined": false
      },
      {
        "text": "chocolate",
        "alias": "Snacks",
        "meta": "@sys.any",
        "userDefined": true
      }
    ],
    "isTemplate": false,
    "count": 0,
    "updated": 0
  }
]