[
  {
    "id": "0646ecd1-40ae-49a2-8544-3d508b7ee7ca",
    "data": [
      {
        "text": "she likes to play ",
        "userDefined": false
      },
      {
        "text": "soccer",
        "alias": "sport",
        "meta": "@sys.any",
        "userDefined": true
      }
    ],
    "isTemplate": false,
    "count": 0,
    "updated": 0
  },
  {
    "id": "94df01ef-c1db-4f52-89c4-12abc33d20d2",
    "data": [
      {
        "text": "celine\u0027s",
        "meta": "@sys.ignore",
        "userDefined": false
      },
      {
        "text": " favorite sport is ",
        "userDefined": false
      },
      {
        "text": "basketball",
        "alias": "sport",
        "meta": "@sys.any",
        "userDefined": true
      }
    ],
    "isTemplate": false,
    "count": 0,
    "updated": 0
  },
  {
    "id": "d6b02649-e982-4e33-8755-6db10ee9b93b",
    "data": [
      {
        "text": "she likes ",
        "userDefined": false
      },
      {
        "text": "tennis",
        "alias": "sport",
        "meta": "@sys.any",
        "userDefined": true
      }
    ],
    "isTemplate": false,
    "count": 0,
    "updated": 0
  },
  {
    "id": "de7e8f81-77c8-4972-b72d-3b499c698a9a",
    "data": [
      {
        "text": "her favorite sport is ",
        "userDefined": false
      },
      {
        "text": "baseball",
        "alias": "sport",
        "meta": "@sys.any",
        "userDefined": true
      }
    ],
    "isTemplate": false,
    "count": 0,
    "updated": 0
  }
]