[
  {
    "id": "efdf5ec3-7421-4133-a187-446e51786adf",
    "data": [
      {
        "text": "she likes ",
        "userDefined": false
      },
      {
        "text": "red",
        "alias": "color",
        "meta": "@sys.color",
        "userDefined": false
      }
    ],
    "isTemplate": false,
    "count": 0,
    "updated": 0
  },
  {
    "id": "c7b2aa0b-7f86-41cf-89f8-1797cf0de4cd",
    "data": [
      {
        "text": "yellow",
        "alias": "color",
        "meta": "@sys.color",
        "userDefined": false
      }
    ],
    "isTemplate": false,
    "count": 0,
    "updated": 0
  },
  {
    "id": "10c532dd-21c4-4a7a-ab74-07dfb2ae9506",
    "data": [
      {
        "text": "Celine\u0027s",
        "meta": "@sys.ignore",
        "userDefined": false
      },
      {
        "text": " favorite color is ",
        "userDefined": false
      },
      {
        "text": "blue",
        "alias": "color",
        "meta": "@sys.color",
        "userDefined": false
      }
    ],
    "isTemplate": false,
    "count": 0,
    "updated": 0
  },
  {
    "id": "85ad6f46-ccd4-47a2-b5ff-f0ee965d14f3",
    "data": [
      {
        "text": "her favorite color is ",
        "userDefined": false
      },
      {
        "text": "green",
        "alias": "color",
        "meta": "@sys.color",
        "userDefined": false
      }
    ],
    "isTemplate": false,
    "count": 0,
    "updated": 0
  }
]